connection node_2;
connection node_1;
CREATE TABLE t1 (f1 INTEGER PRIMARY KEY) Engine=InnoDB;
SET SESSION wsrep_trx_fragment_size=400;
START TRANSACTION;
INSERT INTO t1 VALUES (1);
INSERT INTO t1 VALUES (2);
INSERT INTO t1 VALUES (3);
INSERT INTO t1 VALUES (4);
INSERT INTO t1 VALUES (5);
INSERT INTO t1 VALUES (6);
INSERT INTO t1 VALUES (7);
INSERT INTO t1 VALUES (8);
INSERT INTO t1 VALUES (9);
INSERT INTO t1 VALUES (10);
INSERT INTO t1 VALUES (11);
INSERT INTO t1 VALUES (12);
INSERT INTO t1 VALUES (13);
INSERT INTO t1 VALUES (14);
INSERT INTO t1 VALUES (15);
INSERT INTO t1 VALUES (16);
INSERT INTO t1 VALUES (17);
INSERT INTO t1 VALUES (18);
INSERT INTO t1 VALUES (19);
INSERT INTO t1 VALUES (20);
SELECT COUNT(*) > 1 FROM mysql.wsrep_streaming_log;
COUNT(*) > 1
1
SELECT COUNT(*) < 10 FROM mysql.wsrep_streaming_log;
COUNT(*) < 10
1
SELECT COUNT(*) FROM mysql.wsrep_streaming_log WHERE LENGTH(frag) < 400;
COUNT(*)
0
COMMIT;
DROP TABLE t1;
