CREATE TABLE t1 (pk INT PRIMARY KEY) ENGINE=InnoDB;
CREATE OR REPLACE VIEW v1 AS SELECT pk FROM t1;
CREATE FUNCTION func1() RETURNS INTEGER RETURN 4;
CREATE FUNCTION func2() RETURNS INTEGER RETURN 4;
CREATE PROCEDURE proc1() SELECT func1() FROM v1;
DROP FUNCTION func1;
DROP FUNCTION func2;
DROP PROCEDURE proc1;
DROP VIEW v1;
DROP TABLE t1;
