SET GLOBAL wsrep_provider_options = 'gmcast.isolate = 1';
CREATE TABLE t1 (f1 INTEGER PRIMARY KEY, f2 CHAR(10)) ENGINE=InnoDB;
INSERT INTO t1 VALUES (1, 'A');
SET SESSION wsrep_on=OFF;
INSERT INTO t1 VALUES (2, 'B');
SET SESSION wsrep_on=ON;
DELETE FROM t1 WHERE f1 = 2;
SET GLOBAL wsrep_provider_options = 'gmcast.isolate = 0';
SELECT COUNT(*) = 1 FROM t1 WHERE f2 = 'A';
COUNT(*) = 1
1
SELECT COUNT(*) = 0 FROM t1 WHERE f2 = 'B';
COUNT(*) = 0
1
SET SESSION wsrep_on=OFF;
Killing server ...
Starting mysqld
SELECT COUNT(*) = 1 FROM t1 WHERE f2 = 'A';
COUNT(*) = 1
1
SELECT COUNT(*) = 0 FROM t1 WHERE f2 = 'B';
COUNT(*) = 0
1
CALL mtr.add_suppression("Slave SQL: Could not execute Delete_rows");
CALL mtr.add_suppression("Delete_rows apply failed");
SELECT COUNT(*) = 1 FROM t1 WHERE f2 = 'A';
COUNT(*) = 1
1
SELECT COUNT(*) = 0 FROM t1 WHERE f2 = 'B';
COUNT(*) = 0
1
CALL mtr.add_suppression("Slave SQL: Could not execute Delete_rows");
CALL mtr.add_suppression("Delete_rows apply failed");
SELECT COUNT(*) = 1 FROM t1 WHERE f2 = 'A';
COUNT(*) = 1
1
SELECT COUNT(*) = 0 FROM t1 WHERE f2 = 'B';
COUNT(*) = 0
1
CALL mtr.add_suppression("inconsistent with group");
SELECT COUNT(*) = 1 FROM t1 WHERE f2 = 'A';
COUNT(*) = 1
1
SELECT COUNT(*) = 0 FROM t1 WHERE f2 = 'B';
COUNT(*) = 0
1
DROP TABLE t1;
